{
  "__schema": {
    "types": [
      {
        "kind": "OBJECT",
        "name": "Query",
        "possibleTypes": null
      },
      {
        "kind": "SCALAR",
        "name": "String",
        "possibleTypes": null
      },
      {
        "kind": "SCALAR",
        "name": "ID",
        "possibleTypes": null
      },
      {
        "kind": "OBJECT",
        "name": "Community",
        "possibleTypes": null
      },
      {
        "kind": "SCALAR",
        "name": "Date",
        "possibleTypes": null
      },
      {
        "kind": "SCALAR",
        "name": "Int",
        "possibleTypes": null
      },
      {
        "kind": "OBJECT",
        "name": "Thread",
        "possibleTypes": null
      },
      {
        "kind": "OBJECT",
        "name": "Channel",
        "possibleTypes": null
      },
      {
        "kind": "SCALAR",
        "name": "Boolean",
        "possibleTypes": null
      },
      {
        "kind": "OBJECT",
        "name": "ChannelPermissions",
        "possibleTypes": null
      },
      {
        "kind": "OBJECT",
        "name": "CommunityPermissions",
        "possibleTypes": null
      },
      {
        "kind": "OBJECT",
        "name": "ChannelThreadsConnection",
        "possibleTypes": null
      },
      {
        "kind": "OBJECT",
        "name": "PageInfo",
        "possibleTypes": null
      },
      {
        "kind": "OBJECT",
        "name": "ChannelThreadEdge",
        "possibleTypes": null
      },
      {
        "kind": "OBJECT",
        "name": "ChannelMembersConnection",
        "possibleTypes": null
      },
      {
        "kind": "OBJECT",
        "name": "ChannelMemberEdge",
        "possibleTypes": null
      },
      {
        "kind": "OBJECT",
        "name": "User",
        "possibleTypes": null
      },
      {
        "kind": "OBJECT",
        "name": "UserCommunitiesConnection",
        "possibleTypes": null
      },
      {
        "kind": "OBJECT",
        "name": "UserCommunityEdge",
        "possibleTypes": null
      },
      {
        "kind": "OBJECT",
        "name": "UserChannelsConnection",
        "possibleTypes": null
      },
      {
        "kind": "OBJECT",
        "name": "UserChannelEdge",
        "possibleTypes": null
      },
      {
        "kind": "OBJECT",
        "name": "UserDirectMessageThreadsConnection",
        "possibleTypes": null
      },
      {
        "kind": "OBJECT",
        "name": "DirectMessageThreadEdge",
        "possibleTypes": null
      },
      {
        "kind": "OBJECT",
        "name": "DirectMessageThread",
        "possibleTypes": null
      },
      {
        "kind": "OBJECT",
        "name": "DirectMessagesConnection",
        "possibleTypes": null
      },
      {
        "kind": "OBJECT",
        "name": "DirectMessageEdge",
        "possibleTypes": null
      },
      {
        "kind": "OBJECT",
        "name": "Message",
        "possibleTypes": null
      },
      {
        "kind": "OBJECT",
        "name": "MessageContent",
        "possibleTypes": null
      },
      {
        "kind": "OBJECT",
        "name": "ReactionData",
        "possibleTypes": null
      },
      {
        "kind": "ENUM",
        "name": "MessageTypes",
        "possibleTypes": null
      },
      {
        "kind": "OBJECT",
        "name": "ParticipantInfo",
        "possibleTypes": null
      },
      {
        "kind": "ENUM",
        "name": "ThreadConnectionType",
        "possibleTypes": null
      },
      {
        "kind": "OBJECT",
        "name": "UserThreadsConnection",
        "possibleTypes": null
      },
      {
        "kind": "OBJECT",
        "name": "UserThreadEdge",
        "possibleTypes": null
      },
      {
        "kind": "OBJECT",
        "name": "EverythingThreadsConnection",
        "possibleTypes": null
      },
      {
        "kind": "OBJECT",
        "name": "EverythingThreadEdge",
        "possibleTypes": null
      },
      {
        "kind": "OBJECT",
        "name": "RecurringPayment",
        "possibleTypes": null
      },
      {
        "kind": "OBJECT",
        "name": "Invoice",
        "possibleTypes": null
      },
      {
        "kind": "OBJECT",
        "name": "UserSettings",
        "possibleTypes": null
      },
      {
        "kind": "OBJECT",
        "name": "UserNotificationsSettings",
        "possibleTypes": null
      },
      {
        "kind": "OBJECT",
        "name": "NotificationSettingsType",
        "possibleTypes": null
      },
      {
        "kind": "OBJECT",
        "name": "NotificationKindSettings",
        "possibleTypes": null
      },
      {
        "kind": "OBJECT",
        "name": "ContextPermissions",
        "possibleTypes": null
      },
      {
        "kind": "OBJECT",
        "name": "ChannelMetaData",
        "possibleTypes": null
      },
      {
        "kind": "OBJECT",
        "name": "ThreadContent",
        "possibleTypes": null
      },
      {
        "kind": "ENUM",
        "name": "ThreadType",
        "possibleTypes": null
      },
      {
        "kind": "OBJECT",
        "name": "Edit",
        "possibleTypes": null
      },
      {
        "kind": "OBJECT",
        "name": "ThreadMessagesConnection",
        "possibleTypes": null
      },
      {
        "kind": "OBJECT",
        "name": "ThreadMessageEdge",
        "possibleTypes": null
      },
      {
        "kind": "OBJECT",
        "name": "Attachment",
        "possibleTypes": null
      },
      {
        "kind": "OBJECT",
        "name": "CommunityChannelsConnection",
        "possibleTypes": null
      },
      {
        "kind": "OBJECT",
        "name": "CommunityChannelEdge",
        "possibleTypes": null
      },
      {
        "kind": "OBJECT",
        "name": "CommunityMembersConnection",
        "possibleTypes": null
      },
      {
        "kind": "OBJECT",
        "name": "CommunityMemberEdge",
        "possibleTypes": null
      },
      {
        "kind": "OBJECT",
        "name": "CommunityThreadsConnection",
        "possibleTypes": null
      },
      {
        "kind": "OBJECT",
        "name": "CommunityThreadEdge",
        "possibleTypes": null
      },
      {
        "kind": "OBJECT",
        "name": "CommunityMetaData",
        "possibleTypes": null
      },
      {
        "kind": "OBJECT",
        "name": "SlackImport",
        "possibleTypes": null
      },
      {
        "kind": "OBJECT",
        "name": "GrowthData",
        "possibleTypes": null
      },
      {
        "kind": "OBJECT",
        "name": "GrowthDataCounts",
        "possibleTypes": null
      },
      {
        "kind": "SCALAR",
        "name": "Float",
        "possibleTypes": null
      },
      {
        "kind": "OBJECT",
        "name": "TopAndNewThreads",
        "possibleTypes": null
      },
      {
        "kind": "INPUT_OBJECT",
        "name": "SearchThreadsFilter",
        "possibleTypes": null
      },
      {
        "kind": "OBJECT",
        "name": "Reaction",
        "possibleTypes": null
      },
      {
        "kind": "ENUM",
        "name": "ReactionTypes",
        "possibleTypes": null
      },
      {
        "kind": "OBJECT",
        "name": "Notification",
        "possibleTypes": null
      },
      {
        "kind": "OBJECT",
        "name": "NotificationEntityType",
        "possibleTypes": null
      },
      {
        "kind": "ENUM",
        "name": "EntityType",
        "possibleTypes": null
      },
      {
        "kind": "ENUM",
        "name": "NotificationEventType",
        "possibleTypes": null
      },
      {
        "kind": "OBJECT",
        "name": "NotificationsConnection",
        "possibleTypes": null
      },
      {
        "kind": "OBJECT",
        "name": "NotificationEdge",
        "possibleTypes": null
      },
      {
        "kind": "OBJECT",
        "name": "Meta",
        "possibleTypes": null
      },
      {
        "kind": "OBJECT",
        "name": "UsersGrowthData",
        "possibleTypes": null
      },
      {
        "kind": "OBJECT",
        "name": "CoreMetrics",
        "possibleTypes": null
      },
      {
        "kind": "OBJECT",
        "name": "Mutation",
        "possibleTypes": null
      },
      {
        "kind": "INPUT_OBJECT",
        "name": "CreateCommunityInput",
        "possibleTypes": null
      },
      {
        "kind": "INPUT_OBJECT",
        "name": "File",
        "possibleTypes": null
      },
      {
        "kind": "INPUT_OBJECT",
        "name": "EditCommunityInput",
        "possibleTypes": null
      },
      {
        "kind": "INPUT_OBJECT",
        "name": "SendSlackInvitesInput",
        "possibleTypes": null
      },
      {
        "kind": "INPUT_OBJECT",
        "name": "EmailInvitesInput",
        "possibleTypes": null
      },
      {
        "kind": "INPUT_OBJECT",
        "name": "EmailInviteContactInput",
        "possibleTypes": null
      },
      {
        "kind": "INPUT_OBJECT",
        "name": "UpgradeCommunityInput",
        "possibleTypes": null
      },
      {
        "kind": "INPUT_OBJECT",
        "name": "DowngradeCommunityInput",
        "possibleTypes": null
      },
      {
        "kind": "INPUT_OBJECT",
        "name": "CreateChannelInput",
        "possibleTypes": null
      },
      {
        "kind": "INPUT_OBJECT",
        "name": "EditChannelInput",
        "possibleTypes": null
      },
      {
        "kind": "INPUT_OBJECT",
        "name": "TogglePendingUserInput",
        "possibleTypes": null
      },
      {
        "kind": "ENUM",
        "name": "PendingActionType",
        "possibleTypes": null
      },
      {
        "kind": "INPUT_OBJECT",
        "name": "UnblockUserInput",
        "possibleTypes": null
      },
      {
        "kind": "INPUT_OBJECT",
        "name": "ThreadInput",
        "possibleTypes": null
      },
      {
        "kind": "INPUT_OBJECT",
        "name": "ThreadContentInput",
        "possibleTypes": null
      },
      {
        "kind": "INPUT_OBJECT",
        "name": "AttachmentInput",
        "possibleTypes": null
      },
      {
        "kind": "INPUT_OBJECT",
        "name": "EditThreadInput",
        "possibleTypes": null
      },
      {
        "kind": "INPUT_OBJECT",
        "name": "MessageInput",
        "possibleTypes": null
      },
      {
        "kind": "ENUM",
        "name": "ThreadTypes",
        "possibleTypes": null
      },
      {
        "kind": "INPUT_OBJECT",
        "name": "MessageContentInput",
        "possibleTypes": null
      },
      {
        "kind": "INPUT_OBJECT",
        "name": "ReactionInput",
        "possibleTypes": null
      },
      {
        "kind": "INPUT_OBJECT",
        "name": "EditUserInput",
        "possibleTypes": null
      },
      {
        "kind": "INPUT_OBJECT",
        "name": "UpgradeToProInput",
        "possibleTypes": null
      },
      {
        "kind": "INPUT_OBJECT",
        "name": "ToggleNotificationSettingsInput",
        "possibleTypes": null
      },
      {
        "kind": "INPUT_OBJECT",
        "name": "WebPushSubscription",
        "possibleTypes": null
      },
      {
        "kind": "INPUT_OBJECT",
        "name": "WebPushSubscriptionKeys",
        "possibleTypes": null
      },
      {
        "kind": "INPUT_OBJECT",
        "name": "DirectMessageThreadInput",
        "possibleTypes": null
      },
      {
        "kind": "INPUT_OBJECT",
        "name": "DirectMessageContentInput",
        "possibleTypes": null
      },
      {
        "kind": "ENUM",
        "name": "MessageType",
        "possibleTypes": null
      },
      {
        "kind": "INPUT_OBJECT",
        "name": "ContentInput",
        "possibleTypes": null
      },
      {
        "kind": "INPUT_OBJECT",
        "name": "SaveUserCommunityPermissionsInput",
        "possibleTypes": null
      },
      {
        "kind": "OBJECT",
        "name": "Subscription",
        "possibleTypes": null
      },
      {
        "kind": "OBJECT",
        "name": "__Schema",
        "possibleTypes": null
      },
      {
        "kind": "OBJECT",
        "name": "__Type",
        "possibleTypes": null
      },
      {
        "kind": "ENUM",
        "name": "__TypeKind",
        "possibleTypes": null
      },
      {
        "kind": "OBJECT",
        "name": "__Field",
        "possibleTypes": null
      },
      {
        "kind": "OBJECT",
        "name": "__InputValue",
        "possibleTypes": null
      },
      {
        "kind": "OBJECT",
        "name": "__EnumValue",
        "possibleTypes": null
      },
      {
        "kind": "OBJECT",
        "name": "__Directive",
        "possibleTypes": null
      },
      {
        "kind": "ENUM",
        "name": "__DirectiveLocation",
        "possibleTypes": null
      }
    ]
  }
}